{
	"table": "province",
	"rows":
	[
		{
			"id": 11,
			"name": "ACEH",
			"created_at": null,
			"updated_at": null,
			"deleted_at": null
		},
		{
			"id": 12,
			"name": "SUMATERA UTARA",
			"created_at": null,
			"updated_at": null,
			"deleted_at": null
		},
		{
			"id": 13,
			"name": "SUMATERA BARAT",
			"created_at": null,
			"updated_at": null,
			"deleted_at": null
		},
		{
			"id": 14,
			"name": "RIAU",
			"created_at": null,
			"updated_at": null,
			"deleted_at": null
		},
		{
			"id": 15,
			"name": "JAMBI",
			"created_at": null,
			"updated_at": null,
			"deleted_at": null
		},
		{
			"id": 16,
			"name": "SUMATERA SELATAN",
			"created_at": null,
			"updated_at": null,
			"deleted_at": null
		},
		{
			"id": 17,
			"name": "BENGKULU",
			"created_at": null,
			"updated_at": null,
			"deleted_at": null
		},
		{
			"id": 18,
			"name": "LAMPUNG",
			"created_at": null,
			"updated_at": null,
			"deleted_at": null
		},
		{
			"id": 19,
			"name": "KEPULAUAN BANGKA BELITUNG",
			"created_at": null,
			"updated_at": null,
			"deleted_at": null
		},
		{
			"id": 21,
			"name": "KEPULAUAN RIAU",
			"created_at": null,
			"updated_at": null,
			"deleted_at": null
		},
		{
			"id": 31,
			"name": "DKI JAKARTA",
			"created_at": null,
			"updated_at": null,
			"deleted_at": null
		},
		{
			"id": 32,
			"name": "JAWA BARAT",
			"created_at": null,
			"updated_at": null,
			"deleted_at": null
		},
		{
			"id": 33,
			"name": "JAWA TENGAH",
			"created_at": null,
			"updated_at": null,
			"deleted_at": null
		},
		{
			"id": 34,
			"name": "DI YOGYAKARTA",
			"created_at": null,
			"updated_at": null,
			"deleted_at": null
		},
		{
			"id": 35,
			"name": "JAWA TIMUR",
			"created_at": null,
			"updated_at": null,
			"deleted_at": null
		},
		{
			"id": 36,
			"name": "BANTEN",
			"created_at": null,
			"updated_at": null,
			"deleted_at": null
		},
		{
			"id": 51,
			"name": "BALI",
			"created_at": null,
			"updated_at": null,
			"deleted_at": null
		},
		{
			"id": 52,
			"name": "NUSA TENGGARA BARAT",
			"created_at": null,
			"updated_at": null,
			"deleted_at": null
		},
		{
			"id": 53,
			"name": "NUSA TENGGARA TIMUR",
			"created_at": null,
			"updated_at": null,
			"deleted_at": null
		},
		{
			"id": 61,
			"name": "KALIMANTAN BARAT",
			"created_at": null,
			"updated_at": null,
			"deleted_at": null
		},
		{
			"id": 62,
			"name": "KALIMANTAN TENGAH",
			"created_at": null,
			"updated_at": null,
			"deleted_at": null
		},
		{
			"id": 63,
			"name": "KALIMANTAN SELATAN",
			"created_at": null,
			"updated_at": null,
			"deleted_at": null
		},
		{
			"id": 64,
			"name": "KALIMANTAN TIMUR",
			"created_at": null,
			"updated_at": null,
			"deleted_at": null
		},
		{
			"id": 65,
			"name": "KALIMANTAN UTARA",
			"created_at": null,
			"updated_at": null,
			"deleted_at": null
		},
		{
			"id": 71,
			"name": "SULAWESI UTARA",
			"created_at": null,
			"updated_at": null,
			"deleted_at": null
		},
		{
			"id": 72,
			"name": "SULAWESI TENGAH",
			"created_at": null,
			"updated_at": null,
			"deleted_at": null
		},
		{
			"id": 73,
			"name": "SULAWESI SELATAN",
			"created_at": null,
			"updated_at": null,
			"deleted_at": null
		},
		{
			"id": 74,
			"name": "SULAWESI TENGGARA",
			"created_at": null,
			"updated_at": null,
			"deleted_at": null
		},
		{
			"id": 75,
			"name": "GORONTALO",
			"created_at": null,
			"updated_at": null,
			"deleted_at": null
		},
		{
			"id": 76,
			"name": "SULAWESI BARAT",
			"created_at": null,
			"updated_at": null,
			"deleted_at": null
		},
		{
			"id": 81,
			"name": "MALUKU",
			"created_at": null,
			"updated_at": null,
			"deleted_at": null
		},
		{
			"id": 82,
			"name": "MALUKU UTARA",
			"created_at": null,
			"updated_at": null,
			"deleted_at": null
		},
		{
			"id": 91,
			"name": "PAPUA BARAT",
			"created_at": null,
			"updated_at": null,
			"deleted_at": null
		},
		{
			"id": 94,
			"name": "PAPUA",
			"created_at": null,
			"updated_at": null,
			"deleted_at": null
		}
	]
}